Date,Year,Month_Num,Month_Name,Quarter,Quarter_Label,Week_Num,Day_Name,Day_Num,Is_Weekend,Is_Month_Start,Is_Month_End
2016-09-01,2016,9,September,3,Q3 2016,35,Thursday,1,0,1,0
2016-09-02,2016,9,September,3,Q3 2016,35,Friday,2,0,0,0
2016-09-03,2016,9,September,3,Q3 2016,35,Saturday,3,1,0,0
2016-09-04,2016,9,September,3,Q3 2016,35,Sunday,4,1,0,0
2016-09-05,2016,9,September,3,Q3 2016,36,Monday,5,0,0,0
2016-09-06,2016,9,September,3,Q3 2016,36,Tuesday,6,0,0,0
2016-09-07,2016,9,September,3,Q3 2016,36,Wednesday,7,0,0,0
2016-09-08,2016,9,September,3,Q3 2016,36,Thursday,8,0,0,0
2016-09-09,2016,9,September,3,Q3 2016,36,Friday,9,0,0,0
2016-09-10,2016,9,September,3,Q3 2016,36,Saturday,10,1,0,0
2016-09-11,2016,9,September,3,Q3 2016,36,Sunday,11,1,0,0
2016-09-12,2016,9,September,3,Q3 2016,37,Monday,12,0,0,0
2016-09-13,2016,9,September,3,Q3 2016,37,Tuesday,13,0,0,0
2016-09-14,2016,9,September,3,Q3 2016,37,Wednesday,14,0,0,0
2016-09-15,2016,9,September,3,Q3 2016,37,Thursday,15,0,0,0
2016-09-16,2016,9,September,3,Q3 2016,37,Friday,16,0,0,0
2016-09-17,2016,9,September,3,Q3 2016,37,Saturday,17,1,0,0
2016-09-18,2016,9,September,3,Q3 2016,37,Sunday,18,1,0,0
2016-09-19,2016,9,September,3,Q3 2016,38,Monday,19,0,0,0
2016-09-20,2016,9,September,3,Q3 2016,38,Tuesday,20,0,0,0
2016-09-21,2016,9,September,3,Q3 2016,38,Wednesday,21,0,0,0
2016-09-22,2016,9,September,3,Q3 2016,38,Thursday,22,0,0,0
2016-09-23,2016,9,September,3,Q3 2016,38,Friday,23,0,0,0
2016-09-24,2016,9,September,3,Q3 2016,38,Saturday,24,1,0,0
2016-09-25,2016,9,September,3,Q3 2016,38,Sunday,25,1,0,0
2016-09-26,2016,9,September,3,Q3 2016,39,Monday,26,0,0,0
2016-09-27,2016,9,September,3,Q3 2016,39,Tuesday,27,0,0,0
2016-09-28,2016,9,September,3,Q3 2016,39,Wednesday,28,0,0,0
2016-09-29,2016,9,September,3,Q3 2016,39,Thursday,29,0,0,0
2016-09-30,2016,9,September,3,Q3 2016,39,Friday,30,0,0,1
2016-10-01,2016,10,October,4,Q4 2016,39,Saturday,1,1,1,0
2016-10-02,2016,10,October,4,Q4 2016,39,Sunday,2,1,0,0
2016-10-03,2016,10,October,4,Q4 2016,40,Monday,3,0,0,0
2016-10-04,2016,10,October,4,Q4 2016,40,Tuesday,4,0,0,0
2016-10-05,2016,10,October,4,Q4 2016,40,Wednesday,5,0,0,0
2016-10-06,2016,10,October,4,Q4 2016,40,Thursday,6,0,0,0
2016-10-07,2016,10,October,4,Q4 2016,40,Friday,7,0,0,0
2016-10-08,2016,10,October,4,Q4 2016,40,Saturday,8,1,0,0
2016-10-09,2016,10,October,4,Q4 2016,40,Sunday,9,1,0,0
2016-10-10,2016,10,October,4,Q4 2016,41,Monday,10,0,0,0
2016-10-11,2016,10,October,4,Q4 2016,41,Tuesday,11,0,0,0
2016-10-12,2016,10,October,4,Q4 2016,41,Wednesday,12,0,0,0
2016-10-13,2016,10,October,4,Q4 2016,41,Thursday,13,0,0,0
2016-10-14,2016,10,October,4,Q4 2016,41,Friday,14,0,0,0
2016-10-15,2016,10,October,4,Q4 2016,41,Saturday,15,1,0,0
2016-10-16,2016,10,October,4,Q4 2016,41,Sunday,16,1,0,0
2016-10-17,2016,10,October,4,Q4 2016,42,Monday,17,0,0,0
2016-10-18,2016,10,October,4,Q4 2016,42,Tuesday,18,0,0,0
2016-10-19,2016,10,October,4,Q4 2016,42,Wednesday,19,0,0,0
2016-10-20,2016,10,October,4,Q4 2016,42,Thursday,20,0,0,0
2016-10-21,2016,10,October,4,Q4 2016,42,Friday,21,0,0,0
2016-10-22,2016,10,October,4,Q4 2016,42,Saturday,22,1,0,0
2016-10-23,2016,10,October,4,Q4 2016,42,Sunday,23,1,0,0
2016-10-24,2016,10,October,4,Q4 2016,43,Monday,24,0,0,0
2016-10-25,2016,10,October,4,Q4 2016,43,Tuesday,25,0,0,0
2016-10-26,2016,10,October,4,Q4 2016,43,Wednesday,26,0,0,0
2016-10-27,2016,10,October,4,Q4 2016,43,Thursday,27,0,0,0
2016-10-28,2016,10,October,4,Q4 2016,43,Friday,28,0,0,0
2016-10-29,2016,10,October,4,Q4 2016,43,Saturday,29,1,0,0
2016-10-30,2016,10,October,4,Q4 2016,43,Sunday,30,1,0,0
2016-10-31,2016,10,October,4,Q4 2016,44,Monday,31,0,0,1
2016-11-01,2016,11,November,4,Q4 2016,44,Tuesday,1,0,1,0
2016-11-02,2016,11,November,4,Q4 2016,44,Wednesday,2,0,0,0
2016-11-03,2016,11,November,4,Q4 2016,44,Thursday,3,0,0,0
2016-11-04,2016,11,November,4,Q4 2016,44,Friday,4,0,0,0
2016-11-05,2016,11,November,4,Q4 2016,44,Saturday,5,1,0,0
2016-11-06,2016,11,November,4,Q4 2016,44,Sunday,6,1,0,0
2016-11-07,2016,11,November,4,Q4 2016,45,Monday,7,0,0,0
2016-11-08,2016,11,November,4,Q4 2016,45,Tuesday,8,0,0,0
2016-11-09,2016,11,November,4,Q4 2016,45,Wednesday,9,0,0,0
2016-11-10,2016,11,November,4,Q4 2016,45,Thursday,10,0,0,0
2016-11-11,2016,11,November,4,Q4 2016,45,Friday,11,0,0,0
2016-11-12,2016,11,November,4,Q4 2016,45,Saturday,12,1,0,0
2016-11-13,2016,11,November,4,Q4 2016,45,Sunday,13,1,0,0
2016-11-14,2016,11,November,4,Q4 2016,46,Monday,14,0,0,0
2016-11-15,2016,11,November,4,Q4 2016,46,Tuesday,15,0,0,0
2016-11-16,2016,11,November,4,Q4 2016,46,Wednesday,16,0,0,0
2016-11-17,2016,11,November,4,Q4 2016,46,Thursday,17,0,0,0
2016-11-18,2016,11,November,4,Q4 2016,46,Friday,18,0,0,0
2016-11-19,2016,11,November,4,Q4 2016,46,Saturday,19,1,0,0
2016-11-20,2016,11,November,4,Q4 2016,46,Sunday,20,1,0,0
2016-11-21,2016,11,November,4,Q4 2016,47,Monday,21,0,0,0
2016-11-22,2016,11,November,4,Q4 2016,47,Tuesday,22,0,0,0
2016-11-23,2016,11,November,4,Q4 2016,47,Wednesday,23,0,0,0
2016-11-24,2016,11,November,4,Q4 2016,47,Thursday,24,0,0,0
2016-11-25,2016,11,November,4,Q4 2016,47,Friday,25,0,0,0
2016-11-26,2016,11,November,4,Q4 2016,47,Saturday,26,1,0,0
2016-11-27,2016,11,November,4,Q4 2016,47,Sunday,27,1,0,0
2016-11-28,2016,11,November,4,Q4 2016,48,Monday,28,0,0,0
2016-11-29,2016,11,November,4,Q4 2016,48,Tuesday,29,0,0,0
2016-11-30,2016,11,November,4,Q4 2016,48,Wednesday,30,0,0,1
2016-12-01,2016,12,December,4,Q4 2016,48,Thursday,1,0,1,0
2016-12-02,2016,12,December,4,Q4 2016,48,Friday,2,0,0,0
2016-12-03,2016,12,December,4,Q4 2016,48,Saturday,3,1,0,0
2016-12-04,2016,12,December,4,Q4 2016,48,Sunday,4,1,0,0
2016-12-05,2016,12,December,4,Q4 2016,49,Monday,5,0,0,0
2016-12-06,2016,12,December,4,Q4 2016,49,Tuesday,6,0,0,0
2016-12-07,2016,12,December,4,Q4 2016,49,Wednesday,7,0,0,0
2016-12-08,2016,12,December,4,Q4 2016,49,Thursday,8,0,0,0
2016-12-09,2016,12,December,4,Q4 2016,49,Friday,9,0,0,0
2016-12-10,2016,12,December,4,Q4 2016,49,Saturday,10,1,0,0
2016-12-11,2016,12,December,4,Q4 2016,49,Sunday,11,1,0,0
2016-12-12,2016,12,December,4,Q4 2016,50,Monday,12,0,0,0
2016-12-13,2016,12,December,4,Q4 2016,50,Tuesday,13,0,0,0
2016-12-14,2016,12,December,4,Q4 2016,50,Wednesday,14,0,0,0
2016-12-15,2016,12,December,4,Q4 2016,50,Thursday,15,0,0,0
2016-12-16,2016,12,December,4,Q4 2016,50,Friday,16,0,0,0
2016-12-17,2016,12,December,4,Q4 2016,50,Saturday,17,1,0,0
2016-12-18,2016,12,December,4,Q4 2016,50,Sunday,18,1,0,0
2016-12-19,2016,12,December,4,Q4 2016,51,Monday,19,0,0,0
2016-12-20,2016,12,December,4,Q4 2016,51,Tuesday,20,0,0,0
2016-12-21,2016,12,December,4,Q4 2016,51,Wednesday,21,0,0,0
2016-12-22,2016,12,December,4,Q4 2016,51,Thursday,22,0,0,0
2016-12-23,2016,12,December,4,Q4 2016,51,Friday,23,0,0,0
2016-12-24,2016,12,December,4,Q4 2016,51,Saturday,24,1,0,0
2016-12-25,2016,12,December,4,Q4 2016,51,Sunday,25,1,0,0
2016-12-26,2016,12,December,4,Q4 2016,52,Monday,26,0,0,0
2016-12-27,2016,12,December,4,Q4 2016,52,Tuesday,27,0,0,0
2016-12-28,2016,12,December,4,Q4 2016,52,Wednesday,28,0,0,0
2016-12-29,2016,12,December,4,Q4 2016,52,Thursday,29,0,0,0
2016-12-30,2016,12,December,4,Q4 2016,52,Friday,30,0,0,0
2016-12-31,2016,12,December,4,Q4 2016,52,Saturday,31,1,0,1
2017-01-01,2017,1,January,1,Q1 2017,52,Sunday,1,1,1,0
2017-01-02,2017,1,January,1,Q1 2017,1,Monday,2,0,0,0
2017-01-03,2017,1,January,1,Q1 2017,1,Tuesday,3,0,0,0
2017-01-04,2017,1,January,1,Q1 2017,1,Wednesday,4,0,0,0
2017-01-05,2017,1,January,1,Q1 2017,1,Thursday,5,0,0,0
2017-01-06,2017,1,January,1,Q1 2017,1,Friday,6,0,0,0
2017-01-07,2017,1,January,1,Q1 2017,1,Saturday,7,1,0,0
2017-01-08,2017,1,January,1,Q1 2017,1,Sunday,8,1,0,0
2017-01-09,2017,1,January,1,Q1 2017,2,Monday,9,0,0,0
2017-01-10,2017,1,January,1,Q1 2017,2,Tuesday,10,0,0,0
2017-01-11,2017,1,January,1,Q1 2017,2,Wednesday,11,0,0,0
2017-01-12,2017,1,January,1,Q1 2017,2,Thursday,12,0,0,0
2017-01-13,2017,1,January,1,Q1 2017,2,Friday,13,0,0,0
2017-01-14,2017,1,January,1,Q1 2017,2,Saturday,14,1,0,0
2017-01-15,2017,1,January,1,Q1 2017,2,Sunday,15,1,0,0
2017-01-16,2017,1,January,1,Q1 2017,3,Monday,16,0,0,0
2017-01-17,2017,1,January,1,Q1 2017,3,Tuesday,17,0,0,0
2017-01-18,2017,1,January,1,Q1 2017,3,Wednesday,18,0,0,0
2017-01-19,2017,1,January,1,Q1 2017,3,Thursday,19,0,0,0
2017-01-20,2017,1,January,1,Q1 2017,3,Friday,20,0,0,0
2017-01-21,2017,1,January,1,Q1 2017,3,Saturday,21,1,0,0
2017-01-22,2017,1,January,1,Q1 2017,3,Sunday,22,1,0,0
2017-01-23,2017,1,January,1,Q1 2017,4,Monday,23,0,0,0
2017-01-24,2017,1,January,1,Q1 2017,4,Tuesday,24,0,0,0
2017-01-25,2017,1,January,1,Q1 2017,4,Wednesday,25,0,0,0
2017-01-26,2017,1,January,1,Q1 2017,4,Thursday,26,0,0,0
2017-01-27,2017,1,January,1,Q1 2017,4,Friday,27,0,0,0
2017-01-28,2017,1,January,1,Q1 2017,4,Saturday,28,1,0,0
2017-01-29,2017,1,January,1,Q1 2017,4,Sunday,29,1,0,0
2017-01-30,2017,1,January,1,Q1 2017,5,Monday,30,0,0,0
2017-01-31,2017,1,January,1,Q1 2017,5,Tuesday,31,0,0,1
2017-02-01,2017,2,February,1,Q1 2017,5,Wednesday,1,0,1,0
2017-02-02,2017,2,February,1,Q1 2017,5,Thursday,2,0,0,0
2017-02-03,2017,2,February,1,Q1 2017,5,Friday,3,0,0,0
2017-02-04,2017,2,February,1,Q1 2017,5,Saturday,4,1,0,0
2017-02-05,2017,2,February,1,Q1 2017,5,Sunday,5,1,0,0
2017-02-06,2017,2,February,1,Q1 2017,6,Monday,6,0,0,0
2017-02-07,2017,2,February,1,Q1 2017,6,Tuesday,7,0,0,0
2017-02-08,2017,2,February,1,Q1 2017,6,Wednesday,8,0,0,0
2017-02-09,2017,2,February,1,Q1 2017,6,Thursday,9,0,0,0
2017-02-10,2017,2,February,1,Q1 2017,6,Friday,10,0,0,0
2017-02-11,2017,2,February,1,Q1 2017,6,Saturday,11,1,0,0
2017-02-12,2017,2,February,1,Q1 2017,6,Sunday,12,1,0,0
2017-02-13,2017,2,February,1,Q1 2017,7,Monday,13,0,0,0
2017-02-14,2017,2,February,1,Q1 2017,7,Tuesday,14,0,0,0
2017-02-15,2017,2,February,1,Q1 2017,7,Wednesday,15,0,0,0
2017-02-16,2017,2,February,1,Q1 2017,7,Thursday,16,0,0,0
2017-02-17,2017,2,February,1,Q1 2017,7,Friday,17,0,0,0
2017-02-18,2017,2,February,1,Q1 2017,7,Saturday,18,1,0,0
2017-02-19,2017,2,February,1,Q1 2017,7,Sunday,19,1,0,0
2017-02-20,2017,2,February,1,Q1 2017,8,Monday,20,0,0,0
2017-02-21,2017,2,February,1,Q1 2017,8,Tuesday,21,0,0,0
2017-02-22,2017,2,February,1,Q1 2017,8,Wednesday,22,0,0,0
2017-02-23,2017,2,February,1,Q1 2017,8,Thursday,23,0,0,0
2017-02-24,2017,2,February,1,Q1 2017,8,Friday,24,0,0,0
2017-02-25,2017,2,February,1,Q1 2017,8,Saturday,25,1,0,0
2017-02-26,2017,2,February,1,Q1 2017,8,Sunday,26,1,0,0
2017-02-27,2017,2,February,1,Q1 2017,9,Monday,27,0,0,0
2017-02-28,2017,2,February,1,Q1 2017,9,Tuesday,28,0,0,1
2017-03-01,2017,3,March,1,Q1 2017,9,Wednesday,1,0,1,0
2017-03-02,2017,3,March,1,Q1 2017,9,Thursday,2,0,0,0
2017-03-03,2017,3,March,1,Q1 2017,9,Friday,3,0,0,0
2017-03-04,2017,3,March,1,Q1 2017,9,Saturday,4,1,0,0
2017-03-05,2017,3,March,1,Q1 2017,9,Sunday,5,1,0,0
2017-03-06,2017,3,March,1,Q1 2017,10,Monday,6,0,0,0
2017-03-07,2017,3,March,1,Q1 2017,10,Tuesday,7,0,0,0
2017-03-08,2017,3,March,1,Q1 2017,10,Wednesday,8,0,0,0
2017-03-09,2017,3,March,1,Q1 2017,10,Thursday,9,0,0,0
2017-03-10,2017,3,March,1,Q1 2017,10,Friday,10,0,0,0
2017-03-11,2017,3,March,1,Q1 2017,10,Saturday,11,1,0,0
2017-03-12,2017,3,March,1,Q1 2017,10,Sunday,12,1,0,0
2017-03-13,2017,3,March,1,Q1 2017,11,Monday,13,0,0,0
2017-03-14,2017,3,March,1,Q1 2017,11,Tuesday,14,0,0,0
2017-03-15,2017,3,March,1,Q1 2017,11,Wednesday,15,0,0,0
2017-03-16,2017,3,March,1,Q1 2017,11,Thursday,16,0,0,0
2017-03-17,2017,3,March,1,Q1 2017,11,Friday,17,0,0,0
2017-03-18,2017,3,March,1,Q1 2017,11,Saturday,18,1,0,0
2017-03-19,2017,3,March,1,Q1 2017,11,Sunday,19,1,0,0
2017-03-20,2017,3,March,1,Q1 2017,12,Monday,20,0,0,0
2017-03-21,2017,3,March,1,Q1 2017,12,Tuesday,21,0,0,0
2017-03-22,2017,3,March,1,Q1 2017,12,Wednesday,22,0,0,0
2017-03-23,2017,3,March,1,Q1 2017,12,Thursday,23,0,0,0
2017-03-24,2017,3,March,1,Q1 2017,12,Friday,24,0,0,0
2017-03-25,2017,3,March,1,Q1 2017,12,Saturday,25,1,0,0
2017-03-26,2017,3,March,1,Q1 2017,12,Sunday,26,1,0,0
2017-03-27,2017,3,March,1,Q1 2017,13,Monday,27,0,0,0
2017-03-28,2017,3,March,1,Q1 2017,13,Tuesday,28,0,0,0
2017-03-29,2017,3,March,1,Q1 2017,13,Wednesday,29,0,0,0
2017-03-30,2017,3,March,1,Q1 2017,13,Thursday,30,0,0,0
2017-03-31,2017,3,March,1,Q1 2017,13,Friday,31,0,0,1
2017-04-01,2017,4,April,2,Q2 2017,13,Saturday,1,1,1,0
2017-04-02,2017,4,April,2,Q2 2017,13,Sunday,2,1,0,0
2017-04-03,2017,4,April,2,Q2 2017,14,Monday,3,0,0,0
2017-04-04,2017,4,April,2,Q2 2017,14,Tuesday,4,0,0,0
2017-04-05,2017,4,April,2,Q2 2017,14,Wednesday,5,0,0,0
2017-04-06,2017,4,April,2,Q2 2017,14,Thursday,6,0,0,0
2017-04-07,2017,4,April,2,Q2 2017,14,Friday,7,0,0,0
2017-04-08,2017,4,April,2,Q2 2017,14,Saturday,8,1,0,0
2017-04-09,2017,4,April,2,Q2 2017,14,Sunday,9,1,0,0
2017-04-10,2017,4,April,2,Q2 2017,15,Monday,10,0,0,0
2017-04-11,2017,4,April,2,Q2 2017,15,Tuesday,11,0,0,0
2017-04-12,2017,4,April,2,Q2 2017,15,Wednesday,12,0,0,0
2017-04-13,2017,4,April,2,Q2 2017,15,Thursday,13,0,0,0
2017-04-14,2017,4,April,2,Q2 2017,15,Friday,14,0,0,0
2017-04-15,2017,4,April,2,Q2 2017,15,Saturday,15,1,0,0
2017-04-16,2017,4,April,2,Q2 2017,15,Sunday,16,1,0,0
2017-04-17,2017,4,April,2,Q2 2017,16,Monday,17,0,0,0
2017-04-18,2017,4,April,2,Q2 2017,16,Tuesday,18,0,0,0
2017-04-19,2017,4,April,2,Q2 2017,16,Wednesday,19,0,0,0
2017-04-20,2017,4,April,2,Q2 2017,16,Thursday,20,0,0,0
2017-04-21,2017,4,April,2,Q2 2017,16,Friday,21,0,0,0
2017-04-22,2017,4,April,2,Q2 2017,16,Saturday,22,1,0,0
2017-04-23,2017,4,April,2,Q2 2017,16,Sunday,23,1,0,0
2017-04-24,2017,4,April,2,Q2 2017,17,Monday,24,0,0,0
2017-04-25,2017,4,April,2,Q2 2017,17,Tuesday,25,0,0,0
2017-04-26,2017,4,April,2,Q2 2017,17,Wednesday,26,0,0,0
2017-04-27,2017,4,April,2,Q2 2017,17,Thursday,27,0,0,0
2017-04-28,2017,4,April,2,Q2 2017,17,Friday,28,0,0,0
2017-04-29,2017,4,April,2,Q2 2017,17,Saturday,29,1,0,0
2017-04-30,2017,4,April,2,Q2 2017,17,Sunday,30,1,0,1
2017-05-01,2017,5,May,2,Q2 2017,18,Monday,1,0,1,0
2017-05-02,2017,5,May,2,Q2 2017,18,Tuesday,2,0,0,0
2017-05-03,2017,5,May,2,Q2 2017,18,Wednesday,3,0,0,0
2017-05-04,2017,5,May,2,Q2 2017,18,Thursday,4,0,0,0
2017-05-05,2017,5,May,2,Q2 2017,18,Friday,5,0,0,0
2017-05-06,2017,5,May,2,Q2 2017,18,Saturday,6,1,0,0
2017-05-07,2017,5,May,2,Q2 2017,18,Sunday,7,1,0,0
2017-05-08,2017,5,May,2,Q2 2017,19,Monday,8,0,0,0
2017-05-09,2017,5,May,2,Q2 2017,19,Tuesday,9,0,0,0
2017-05-10,2017,5,May,2,Q2 2017,19,Wednesday,10,0,0,0
2017-05-11,2017,5,May,2,Q2 2017,19,Thursday,11,0,0,0
2017-05-12,2017,5,May,2,Q2 2017,19,Friday,12,0,0,0
2017-05-13,2017,5,May,2,Q2 2017,19,Saturday,13,1,0,0
2017-05-14,2017,5,May,2,Q2 2017,19,Sunday,14,1,0,0
2017-05-15,2017,5,May,2,Q2 2017,20,Monday,15,0,0,0
2017-05-16,2017,5,May,2,Q2 2017,20,Tuesday,16,0,0,0
2017-05-17,2017,5,May,2,Q2 2017,20,Wednesday,17,0,0,0
2017-05-18,2017,5,May,2,Q2 2017,20,Thursday,18,0,0,0
2017-05-19,2017,5,May,2,Q2 2017,20,Friday,19,0,0,0
2017-05-20,2017,5,May,2,Q2 2017,20,Saturday,20,1,0,0
2017-05-21,2017,5,May,2,Q2 2017,20,Sunday,21,1,0,0
2017-05-22,2017,5,May,2,Q2 2017,21,Monday,22,0,0,0
2017-05-23,2017,5,May,2,Q2 2017,21,Tuesday,23,0,0,0
2017-05-24,2017,5,May,2,Q2 2017,21,Wednesday,24,0,0,0
2017-05-25,2017,5,May,2,Q2 2017,21,Thursday,25,0,0,0
2017-05-26,2017,5,May,2,Q2 2017,21,Friday,26,0,0,0
2017-05-27,2017,5,May,2,Q2 2017,21,Saturday,27,1,0,0
2017-05-28,2017,5,May,2,Q2 2017,21,Sunday,28,1,0,0
2017-05-29,2017,5,May,2,Q2 2017,22,Monday,29,0,0,0
2017-05-30,2017,5,May,2,Q2 2017,22,Tuesday,30,0,0,0
2017-05-31,2017,5,May,2,Q2 2017,22,Wednesday,31,0,0,1
2017-06-01,2017,6,June,2,Q2 2017,22,Thursday,1,0,1,0
2017-06-02,2017,6,June,2,Q2 2017,22,Friday,2,0,0,0
2017-06-03,2017,6,June,2,Q2 2017,22,Saturday,3,1,0,0
2017-06-04,2017,6,June,2,Q2 2017,22,Sunday,4,1,0,0
2017-06-05,2017,6,June,2,Q2 2017,23,Monday,5,0,0,0
2017-06-06,2017,6,June,2,Q2 2017,23,Tuesday,6,0,0,0
2017-06-07,2017,6,June,2,Q2 2017,23,Wednesday,7,0,0,0
2017-06-08,2017,6,June,2,Q2 2017,23,Thursday,8,0,0,0
2017-06-09,2017,6,June,2,Q2 2017,23,Friday,9,0,0,0
2017-06-10,2017,6,June,2,Q2 2017,23,Saturday,10,1,0,0
2017-06-11,2017,6,June,2,Q2 2017,23,Sunday,11,1,0,0
2017-06-12,2017,6,June,2,Q2 2017,24,Monday,12,0,0,0
2017-06-13,2017,6,June,2,Q2 2017,24,Tuesday,13,0,0,0
2017-06-14,2017,6,June,2,Q2 2017,24,Wednesday,14,0,0,0
2017-06-15,2017,6,June,2,Q2 2017,24,Thursday,15,0,0,0
2017-06-16,2017,6,June,2,Q2 2017,24,Friday,16,0,0,0
2017-06-17,2017,6,June,2,Q2 2017,24,Saturday,17,1,0,0
2017-06-18,2017,6,June,2,Q2 2017,24,Sunday,18,1,0,0
2017-06-19,2017,6,June,2,Q2 2017,25,Monday,19,0,0,0
2017-06-20,2017,6,June,2,Q2 2017,25,Tuesday,20,0,0,0
2017-06-21,2017,6,June,2,Q2 2017,25,Wednesday,21,0,0,0
2017-06-22,2017,6,June,2,Q2 2017,25,Thursday,22,0,0,0
2017-06-23,2017,6,June,2,Q2 2017,25,Friday,23,0,0,0
2017-06-24,2017,6,June,2,Q2 2017,25,Saturday,24,1,0,0
2017-06-25,2017,6,June,2,Q2 2017,25,Sunday,25,1,0,0
2017-06-26,2017,6,June,2,Q2 2017,26,Monday,26,0,0,0
2017-06-27,2017,6,June,2,Q2 2017,26,Tuesday,27,0,0,0
2017-06-28,2017,6,June,2,Q2 2017,26,Wednesday,28,0,0,0
2017-06-29,2017,6,June,2,Q2 2017,26,Thursday,29,0,0,0
2017-06-30,2017,6,June,2,Q2 2017,26,Friday,30,0,0,1
2017-07-01,2017,7,July,3,Q3 2017,26,Saturday,1,1,1,0
2017-07-02,2017,7,July,3,Q3 2017,26,Sunday,2,1,0,0
2017-07-03,2017,7,July,3,Q3 2017,27,Monday,3,0,0,0
2017-07-04,2017,7,July,3,Q3 2017,27,Tuesday,4,0,0,0
2017-07-05,2017,7,July,3,Q3 2017,27,Wednesday,5,0,0,0
2017-07-06,2017,7,July,3,Q3 2017,27,Thursday,6,0,0,0
2017-07-07,2017,7,July,3,Q3 2017,27,Friday,7,0,0,0
2017-07-08,2017,7,July,3,Q3 2017,27,Saturday,8,1,0,0
2017-07-09,2017,7,July,3,Q3 2017,27,Sunday,9,1,0,0
2017-07-10,2017,7,July,3,Q3 2017,28,Monday,10,0,0,0
2017-07-11,2017,7,July,3,Q3 2017,28,Tuesday,11,0,0,0
2017-07-12,2017,7,July,3,Q3 2017,28,Wednesday,12,0,0,0
2017-07-13,2017,7,July,3,Q3 2017,28,Thursday,13,0,0,0
2017-07-14,2017,7,July,3,Q3 2017,28,Friday,14,0,0,0
2017-07-15,2017,7,July,3,Q3 2017,28,Saturday,15,1,0,0
2017-07-16,2017,7,July,3,Q3 2017,28,Sunday,16,1,0,0
2017-07-17,2017,7,July,3,Q3 2017,29,Monday,17,0,0,0
2017-07-18,2017,7,July,3,Q3 2017,29,Tuesday,18,0,0,0
2017-07-19,2017,7,July,3,Q3 2017,29,Wednesday,19,0,0,0
2017-07-20,2017,7,July,3,Q3 2017,29,Thursday,20,0,0,0
2017-07-21,2017,7,July,3,Q3 2017,29,Friday,21,0,0,0
2017-07-22,2017,7,July,3,Q3 2017,29,Saturday,22,1,0,0
2017-07-23,2017,7,July,3,Q3 2017,29,Sunday,23,1,0,0
2017-07-24,2017,7,July,3,Q3 2017,30,Monday,24,0,0,0
2017-07-25,2017,7,July,3,Q3 2017,30,Tuesday,25,0,0,0
2017-07-26,2017,7,July,3,Q3 2017,30,Wednesday,26,0,0,0
2017-07-27,2017,7,July,3,Q3 2017,30,Thursday,27,0,0,0
2017-07-28,2017,7,July,3,Q3 2017,30,Friday,28,0,0,0
2017-07-29,2017,7,July,3,Q3 2017,30,Saturday,29,1,0,0
2017-07-30,2017,7,July,3,Q3 2017,30,Sunday,30,1,0,0
2017-07-31,2017,7,July,3,Q3 2017,31,Monday,31,0,0,1
2017-08-01,2017,8,August,3,Q3 2017,31,Tuesday,1,0,1,0
2017-08-02,2017,8,August,3,Q3 2017,31,Wednesday,2,0,0,0
2017-08-03,2017,8,August,3,Q3 2017,31,Thursday,3,0,0,0
2017-08-04,2017,8,August,3,Q3 2017,31,Friday,4,0,0,0
2017-08-05,2017,8,August,3,Q3 2017,31,Saturday,5,1,0,0
2017-08-06,2017,8,August,3,Q3 2017,31,Sunday,6,1,0,0
2017-08-07,2017,8,August,3,Q3 2017,32,Monday,7,0,0,0
2017-08-08,2017,8,August,3,Q3 2017,32,Tuesday,8,0,0,0
2017-08-09,2017,8,August,3,Q3 2017,32,Wednesday,9,0,0,0
2017-08-10,2017,8,August,3,Q3 2017,32,Thursday,10,0,0,0
2017-08-11,2017,8,August,3,Q3 2017,32,Friday,11,0,0,0
2017-08-12,2017,8,August,3,Q3 2017,32,Saturday,12,1,0,0
2017-08-13,2017,8,August,3,Q3 2017,32,Sunday,13,1,0,0
2017-08-14,2017,8,August,3,Q3 2017,33,Monday,14,0,0,0
2017-08-15,2017,8,August,3,Q3 2017,33,Tuesday,15,0,0,0
2017-08-16,2017,8,August,3,Q3 2017,33,Wednesday,16,0,0,0
2017-08-17,2017,8,August,3,Q3 2017,33,Thursday,17,0,0,0
2017-08-18,2017,8,August,3,Q3 2017,33,Friday,18,0,0,0
2017-08-19,2017,8,August,3,Q3 2017,33,Saturday,19,1,0,0
2017-08-20,2017,8,August,3,Q3 2017,33,Sunday,20,1,0,0
2017-08-21,2017,8,August,3,Q3 2017,34,Monday,21,0,0,0
2017-08-22,2017,8,August,3,Q3 2017,34,Tuesday,22,0,0,0
2017-08-23,2017,8,August,3,Q3 2017,34,Wednesday,23,0,0,0
2017-08-24,2017,8,August,3,Q3 2017,34,Thursday,24,0,0,0
2017-08-25,2017,8,August,3,Q3 2017,34,Friday,25,0,0,0
2017-08-26,2017,8,August,3,Q3 2017,34,Saturday,26,1,0,0
2017-08-27,2017,8,August,3,Q3 2017,34,Sunday,27,1,0,0
2017-08-28,2017,8,August,3,Q3 2017,35,Monday,28,0,0,0
2017-08-29,2017,8,August,3,Q3 2017,35,Tuesday,29,0,0,0
2017-08-30,2017,8,August,3,Q3 2017,35,Wednesday,30,0,0,0
2017-08-31,2017,8,August,3,Q3 2017,35,Thursday,31,0,0,1
2017-09-01,2017,9,September,3,Q3 2017,35,Friday,1,0,1,0
2017-09-02,2017,9,September,3,Q3 2017,35,Saturday,2,1,0,0
2017-09-03,2017,9,September,3,Q3 2017,35,Sunday,3,1,0,0
2017-09-04,2017,9,September,3,Q3 2017,36,Monday,4,0,0,0
2017-09-05,2017,9,September,3,Q3 2017,36,Tuesday,5,0,0,0
2017-09-06,2017,9,September,3,Q3 2017,36,Wednesday,6,0,0,0
2017-09-07,2017,9,September,3,Q3 2017,36,Thursday,7,0,0,0
2017-09-08,2017,9,September,3,Q3 2017,36,Friday,8,0,0,0
2017-09-09,2017,9,September,3,Q3 2017,36,Saturday,9,1,0,0
2017-09-10,2017,9,September,3,Q3 2017,36,Sunday,10,1,0,0
2017-09-11,2017,9,September,3,Q3 2017,37,Monday,11,0,0,0
2017-09-12,2017,9,September,3,Q3 2017,37,Tuesday,12,0,0,0
2017-09-13,2017,9,September,3,Q3 2017,37,Wednesday,13,0,0,0
2017-09-14,2017,9,September,3,Q3 2017,37,Thursday,14,0,0,0
2017-09-15,2017,9,September,3,Q3 2017,37,Friday,15,0,0,0
2017-09-16,2017,9,September,3,Q3 2017,37,Saturday,16,1,0,0
2017-09-17,2017,9,September,3,Q3 2017,37,Sunday,17,1,0,0
2017-09-18,2017,9,September,3,Q3 2017,38,Monday,18,0,0,0
2017-09-19,2017,9,September,3,Q3 2017,38,Tuesday,19,0,0,0
2017-09-20,2017,9,September,3,Q3 2017,38,Wednesday,20,0,0,0
2017-09-21,2017,9,September,3,Q3 2017,38,Thursday,21,0,0,0
2017-09-22,2017,9,September,3,Q3 2017,38,Friday,22,0,0,0
2017-09-23,2017,9,September,3,Q3 2017,38,Saturday,23,1,0,0
2017-09-24,2017,9,September,3,Q3 2017,38,Sunday,24,1,0,0
2017-09-25,2017,9,September,3,Q3 2017,39,Monday,25,0,0,0
2017-09-26,2017,9,September,3,Q3 2017,39,Tuesday,26,0,0,0
2017-09-27,2017,9,September,3,Q3 2017,39,Wednesday,27,0,0,0
2017-09-28,2017,9,September,3,Q3 2017,39,Thursday,28,0,0,0
2017-09-29,2017,9,September,3,Q3 2017,39,Friday,29,0,0,0
2017-09-30,2017,9,September,3,Q3 2017,39,Saturday,30,1,0,1
2017-10-01,2017,10,October,4,Q4 2017,39,Sunday,1,1,1,0
2017-10-02,2017,10,October,4,Q4 2017,40,Monday,2,0,0,0
2017-10-03,2017,10,October,4,Q4 2017,40,Tuesday,3,0,0,0
2017-10-04,2017,10,October,4,Q4 2017,40,Wednesday,4,0,0,0
2017-10-05,2017,10,October,4,Q4 2017,40,Thursday,5,0,0,0
2017-10-06,2017,10,October,4,Q4 2017,40,Friday,6,0,0,0
2017-10-07,2017,10,October,4,Q4 2017,40,Saturday,7,1,0,0
2017-10-08,2017,10,October,4,Q4 2017,40,Sunday,8,1,0,0
2017-10-09,2017,10,October,4,Q4 2017,41,Monday,9,0,0,0
2017-10-10,2017,10,October,4,Q4 2017,41,Tuesday,10,0,0,0
2017-10-11,2017,10,October,4,Q4 2017,41,Wednesday,11,0,0,0
2017-10-12,2017,10,October,4,Q4 2017,41,Thursday,12,0,0,0
2017-10-13,2017,10,October,4,Q4 2017,41,Friday,13,0,0,0
2017-10-14,2017,10,October,4,Q4 2017,41,Saturday,14,1,0,0
2017-10-15,2017,10,October,4,Q4 2017,41,Sunday,15,1,0,0
2017-10-16,2017,10,October,4,Q4 2017,42,Monday,16,0,0,0
2017-10-17,2017,10,October,4,Q4 2017,42,Tuesday,17,0,0,0
2017-10-18,2017,10,October,4,Q4 2017,42,Wednesday,18,0,0,0
2017-10-19,2017,10,October,4,Q4 2017,42,Thursday,19,0,0,0
2017-10-20,2017,10,October,4,Q4 2017,42,Friday,20,0,0,0
2017-10-21,2017,10,October,4,Q4 2017,42,Saturday,21,1,0,0
2017-10-22,2017,10,October,4,Q4 2017,42,Sunday,22,1,0,0
2017-10-23,2017,10,October,4,Q4 2017,43,Monday,23,0,0,0
2017-10-24,2017,10,October,4,Q4 2017,43,Tuesday,24,0,0,0
2017-10-25,2017,10,October,4,Q4 2017,43,Wednesday,25,0,0,0
2017-10-26,2017,10,October,4,Q4 2017,43,Thursday,26,0,0,0
2017-10-27,2017,10,October,4,Q4 2017,43,Friday,27,0,0,0
2017-10-28,2017,10,October,4,Q4 2017,43,Saturday,28,1,0,0
2017-10-29,2017,10,October,4,Q4 2017,43,Sunday,29,1,0,0
2017-10-30,2017,10,October,4,Q4 2017,44,Monday,30,0,0,0
2017-10-31,2017,10,October,4,Q4 2017,44,Tuesday,31,0,0,1
2017-11-01,2017,11,November,4,Q4 2017,44,Wednesday,1,0,1,0
2017-11-02,2017,11,November,4,Q4 2017,44,Thursday,2,0,0,0
2017-11-03,2017,11,November,4,Q4 2017,44,Friday,3,0,0,0
2017-11-04,2017,11,November,4,Q4 2017,44,Saturday,4,1,0,0
2017-11-05,2017,11,November,4,Q4 2017,44,Sunday,5,1,0,0
2017-11-06,2017,11,November,4,Q4 2017,45,Monday,6,0,0,0
2017-11-07,2017,11,November,4,Q4 2017,45,Tuesday,7,0,0,0
2017-11-08,2017,11,November,4,Q4 2017,45,Wednesday,8,0,0,0
2017-11-09,2017,11,November,4,Q4 2017,45,Thursday,9,0,0,0
2017-11-10,2017,11,November,4,Q4 2017,45,Friday,10,0,0,0
2017-11-11,2017,11,November,4,Q4 2017,45,Saturday,11,1,0,0
2017-11-12,2017,11,November,4,Q4 2017,45,Sunday,12,1,0,0
2017-11-13,2017,11,November,4,Q4 2017,46,Monday,13,0,0,0
2017-11-14,2017,11,November,4,Q4 2017,46,Tuesday,14,0,0,0
2017-11-15,2017,11,November,4,Q4 2017,46,Wednesday,15,0,0,0
2017-11-16,2017,11,November,4,Q4 2017,46,Thursday,16,0,0,0
2017-11-17,2017,11,November,4,Q4 2017,46,Friday,17,0,0,0
2017-11-18,2017,11,November,4,Q4 2017,46,Saturday,18,1,0,0
2017-11-19,2017,11,November,4,Q4 2017,46,Sunday,19,1,0,0
2017-11-20,2017,11,November,4,Q4 2017,47,Monday,20,0,0,0
2017-11-21,2017,11,November,4,Q4 2017,47,Tuesday,21,0,0,0
2017-11-22,2017,11,November,4,Q4 2017,47,Wednesday,22,0,0,0
2017-11-23,2017,11,November,4,Q4 2017,47,Thursday,23,0,0,0
2017-11-24,2017,11,November,4,Q4 2017,47,Friday,24,0,0,0
2017-11-25,2017,11,November,4,Q4 2017,47,Saturday,25,1,0,0
2017-11-26,2017,11,November,4,Q4 2017,47,Sunday,26,1,0,0
2017-11-27,2017,11,November,4,Q4 2017,48,Monday,27,0,0,0
2017-11-28,2017,11,November,4,Q4 2017,48,Tuesday,28,0,0,0
2017-11-29,2017,11,November,4,Q4 2017,48,Wednesday,29,0,0,0
2017-11-30,2017,11,November,4,Q4 2017,48,Thursday,30,0,0,1
2017-12-01,2017,12,December,4,Q4 2017,48,Friday,1,0,1,0
2017-12-02,2017,12,December,4,Q4 2017,48,Saturday,2,1,0,0
2017-12-03,2017,12,December,4,Q4 2017,48,Sunday,3,1,0,0
2017-12-04,2017,12,December,4,Q4 2017,49,Monday,4,0,0,0
2017-12-05,2017,12,December,4,Q4 2017,49,Tuesday,5,0,0,0
2017-12-06,2017,12,December,4,Q4 2017,49,Wednesday,6,0,0,0
2017-12-07,2017,12,December,4,Q4 2017,49,Thursday,7,0,0,0
2017-12-08,2017,12,December,4,Q4 2017,49,Friday,8,0,0,0
2017-12-09,2017,12,December,4,Q4 2017,49,Saturday,9,1,0,0
2017-12-10,2017,12,December,4,Q4 2017,49,Sunday,10,1,0,0
2017-12-11,2017,12,December,4,Q4 2017,50,Monday,11,0,0,0
2017-12-12,2017,12,December,4,Q4 2017,50,Tuesday,12,0,0,0
2017-12-13,2017,12,December,4,Q4 2017,50,Wednesday,13,0,0,0
2017-12-14,2017,12,December,4,Q4 2017,50,Thursday,14,0,0,0
2017-12-15,2017,12,December,4,Q4 2017,50,Friday,15,0,0,0
2017-12-16,2017,12,December,4,Q4 2017,50,Saturday,16,1,0,0
2017-12-17,2017,12,December,4,Q4 2017,50,Sunday,17,1,0,0
2017-12-18,2017,12,December,4,Q4 2017,51,Monday,18,0,0,0
2017-12-19,2017,12,December,4,Q4 2017,51,Tuesday,19,0,0,0
2017-12-20,2017,12,December,4,Q4 2017,51,Wednesday,20,0,0,0
2017-12-21,2017,12,December,4,Q4 2017,51,Thursday,21,0,0,0
2017-12-22,2017,12,December,4,Q4 2017,51,Friday,22,0,0,0
2017-12-23,2017,12,December,4,Q4 2017,51,Saturday,23,1,0,0
2017-12-24,2017,12,December,4,Q4 2017,51,Sunday,24,1,0,0
2017-12-25,2017,12,December,4,Q4 2017,52,Monday,25,0,0,0
2017-12-26,2017,12,December,4,Q4 2017,52,Tuesday,26,0,0,0
2017-12-27,2017,12,December,4,Q4 2017,52,Wednesday,27,0,0,0
2017-12-28,2017,12,December,4,Q4 2017,52,Thursday,28,0,0,0
2017-12-29,2017,12,December,4,Q4 2017,52,Friday,29,0,0,0
2017-12-30,2017,12,December,4,Q4 2017,52,Saturday,30,1,0,0
2017-12-31,2017,12,December,4,Q4 2017,52,Sunday,31,1,0,1
2018-01-01,2018,1,January,1,Q1 2018,1,Monday,1,0,1,0
2018-01-02,2018,1,January,1,Q1 2018,1,Tuesday,2,0,0,0
2018-01-03,2018,1,January,1,Q1 2018,1,Wednesday,3,0,0,0
2018-01-04,2018,1,January,1,Q1 2018,1,Thursday,4,0,0,0
2018-01-05,2018,1,January,1,Q1 2018,1,Friday,5,0,0,0
2018-01-06,2018,1,January,1,Q1 2018,1,Saturday,6,1,0,0
2018-01-07,2018,1,January,1,Q1 2018,1,Sunday,7,1,0,0
2018-01-08,2018,1,January,1,Q1 2018,2,Monday,8,0,0,0
2018-01-09,2018,1,January,1,Q1 2018,2,Tuesday,9,0,0,0
2018-01-10,2018,1,January,1,Q1 2018,2,Wednesday,10,0,0,0
2018-01-11,2018,1,January,1,Q1 2018,2,Thursday,11,0,0,0
2018-01-12,2018,1,January,1,Q1 2018,2,Friday,12,0,0,0
2018-01-13,2018,1,January,1,Q1 2018,2,Saturday,13,1,0,0
2018-01-14,2018,1,January,1,Q1 2018,2,Sunday,14,1,0,0
2018-01-15,2018,1,January,1,Q1 2018,3,Monday,15,0,0,0
2018-01-16,2018,1,January,1,Q1 2018,3,Tuesday,16,0,0,0
2018-01-17,2018,1,January,1,Q1 2018,3,Wednesday,17,0,0,0
2018-01-18,2018,1,January,1,Q1 2018,3,Thursday,18,0,0,0
2018-01-19,2018,1,January,1,Q1 2018,3,Friday,19,0,0,0
2018-01-20,2018,1,January,1,Q1 2018,3,Saturday,20,1,0,0
2018-01-21,2018,1,January,1,Q1 2018,3,Sunday,21,1,0,0
2018-01-22,2018,1,January,1,Q1 2018,4,Monday,22,0,0,0
2018-01-23,2018,1,January,1,Q1 2018,4,Tuesday,23,0,0,0
2018-01-24,2018,1,January,1,Q1 2018,4,Wednesday,24,0,0,0
2018-01-25,2018,1,January,1,Q1 2018,4,Thursday,25,0,0,0
2018-01-26,2018,1,January,1,Q1 2018,4,Friday,26,0,0,0
2018-01-27,2018,1,January,1,Q1 2018,4,Saturday,27,1,0,0
2018-01-28,2018,1,January,1,Q1 2018,4,Sunday,28,1,0,0
2018-01-29,2018,1,January,1,Q1 2018,5,Monday,29,0,0,0
2018-01-30,2018,1,January,1,Q1 2018,5,Tuesday,30,0,0,0
2018-01-31,2018,1,January,1,Q1 2018,5,Wednesday,31,0,0,1
2018-02-01,2018,2,February,1,Q1 2018,5,Thursday,1,0,1,0
2018-02-02,2018,2,February,1,Q1 2018,5,Friday,2,0,0,0
2018-02-03,2018,2,February,1,Q1 2018,5,Saturday,3,1,0,0
2018-02-04,2018,2,February,1,Q1 2018,5,Sunday,4,1,0,0
2018-02-05,2018,2,February,1,Q1 2018,6,Monday,5,0,0,0
2018-02-06,2018,2,February,1,Q1 2018,6,Tuesday,6,0,0,0
2018-02-07,2018,2,February,1,Q1 2018,6,Wednesday,7,0,0,0
2018-02-08,2018,2,February,1,Q1 2018,6,Thursday,8,0,0,0
2018-02-09,2018,2,February,1,Q1 2018,6,Friday,9,0,0,0
2018-02-10,2018,2,February,1,Q1 2018,6,Saturday,10,1,0,0
2018-02-11,2018,2,February,1,Q1 2018,6,Sunday,11,1,0,0
2018-02-12,2018,2,February,1,Q1 2018,7,Monday,12,0,0,0
2018-02-13,2018,2,February,1,Q1 2018,7,Tuesday,13,0,0,0
2018-02-14,2018,2,February,1,Q1 2018,7,Wednesday,14,0,0,0
2018-02-15,2018,2,February,1,Q1 2018,7,Thursday,15,0,0,0
2018-02-16,2018,2,February,1,Q1 2018,7,Friday,16,0,0,0
2018-02-17,2018,2,February,1,Q1 2018,7,Saturday,17,1,0,0
2018-02-18,2018,2,February,1,Q1 2018,7,Sunday,18,1,0,0
2018-02-19,2018,2,February,1,Q1 2018,8,Monday,19,0,0,0
2018-02-20,2018,2,February,1,Q1 2018,8,Tuesday,20,0,0,0
2018-02-21,2018,2,February,1,Q1 2018,8,Wednesday,21,0,0,0
2018-02-22,2018,2,February,1,Q1 2018,8,Thursday,22,0,0,0
2018-02-23,2018,2,February,1,Q1 2018,8,Friday,23,0,0,0
2018-02-24,2018,2,February,1,Q1 2018,8,Saturday,24,1,0,0
2018-02-25,2018,2,February,1,Q1 2018,8,Sunday,25,1,0,0
2018-02-26,2018,2,February,1,Q1 2018,9,Monday,26,0,0,0
2018-02-27,2018,2,February,1,Q1 2018,9,Tuesday,27,0,0,0
2018-02-28,2018,2,February,1,Q1 2018,9,Wednesday,28,0,0,1
2018-03-01,2018,3,March,1,Q1 2018,9,Thursday,1,0,1,0
2018-03-02,2018,3,March,1,Q1 2018,9,Friday,2,0,0,0
2018-03-03,2018,3,March,1,Q1 2018,9,Saturday,3,1,0,0
2018-03-04,2018,3,March,1,Q1 2018,9,Sunday,4,1,0,0
2018-03-05,2018,3,March,1,Q1 2018,10,Monday,5,0,0,0
2018-03-06,2018,3,March,1,Q1 2018,10,Tuesday,6,0,0,0
2018-03-07,2018,3,March,1,Q1 2018,10,Wednesday,7,0,0,0
2018-03-08,2018,3,March,1,Q1 2018,10,Thursday,8,0,0,0
2018-03-09,2018,3,March,1,Q1 2018,10,Friday,9,0,0,0
2018-03-10,2018,3,March,1,Q1 2018,10,Saturday,10,1,0,0
2018-03-11,2018,3,March,1,Q1 2018,10,Sunday,11,1,0,0
2018-03-12,2018,3,March,1,Q1 2018,11,Monday,12,0,0,0
2018-03-13,2018,3,March,1,Q1 2018,11,Tuesday,13,0,0,0
2018-03-14,2018,3,March,1,Q1 2018,11,Wednesday,14,0,0,0
2018-03-15,2018,3,March,1,Q1 2018,11,Thursday,15,0,0,0
2018-03-16,2018,3,March,1,Q1 2018,11,Friday,16,0,0,0
2018-03-17,2018,3,March,1,Q1 2018,11,Saturday,17,1,0,0
2018-03-18,2018,3,March,1,Q1 2018,11,Sunday,18,1,0,0
2018-03-19,2018,3,March,1,Q1 2018,12,Monday,19,0,0,0
2018-03-20,2018,3,March,1,Q1 2018,12,Tuesday,20,0,0,0
2018-03-21,2018,3,March,1,Q1 2018,12,Wednesday,21,0,0,0
2018-03-22,2018,3,March,1,Q1 2018,12,Thursday,22,0,0,0
2018-03-23,2018,3,March,1,Q1 2018,12,Friday,23,0,0,0
2018-03-24,2018,3,March,1,Q1 2018,12,Saturday,24,1,0,0
2018-03-25,2018,3,March,1,Q1 2018,12,Sunday,25,1,0,0
2018-03-26,2018,3,March,1,Q1 2018,13,Monday,26,0,0,0
2018-03-27,2018,3,March,1,Q1 2018,13,Tuesday,27,0,0,0
2018-03-28,2018,3,March,1,Q1 2018,13,Wednesday,28,0,0,0
2018-03-29,2018,3,March,1,Q1 2018,13,Thursday,29,0,0,0
2018-03-30,2018,3,March,1,Q1 2018,13,Friday,30,0,0,0
2018-03-31,2018,3,March,1,Q1 2018,13,Saturday,31,1,0,1
2018-04-01,2018,4,April,2,Q2 2018,13,Sunday,1,1,1,0
2018-04-02,2018,4,April,2,Q2 2018,14,Monday,2,0,0,0
2018-04-03,2018,4,April,2,Q2 2018,14,Tuesday,3,0,0,0
2018-04-04,2018,4,April,2,Q2 2018,14,Wednesday,4,0,0,0
2018-04-05,2018,4,April,2,Q2 2018,14,Thursday,5,0,0,0
2018-04-06,2018,4,April,2,Q2 2018,14,Friday,6,0,0,0
2018-04-07,2018,4,April,2,Q2 2018,14,Saturday,7,1,0,0
2018-04-08,2018,4,April,2,Q2 2018,14,Sunday,8,1,0,0
2018-04-09,2018,4,April,2,Q2 2018,15,Monday,9,0,0,0
2018-04-10,2018,4,April,2,Q2 2018,15,Tuesday,10,0,0,0
2018-04-11,2018,4,April,2,Q2 2018,15,Wednesday,11,0,0,0
2018-04-12,2018,4,April,2,Q2 2018,15,Thursday,12,0,0,0
2018-04-13,2018,4,April,2,Q2 2018,15,Friday,13,0,0,0
2018-04-14,2018,4,April,2,Q2 2018,15,Saturday,14,1,0,0
2018-04-15,2018,4,April,2,Q2 2018,15,Sunday,15,1,0,0
2018-04-16,2018,4,April,2,Q2 2018,16,Monday,16,0,0,0
2018-04-17,2018,4,April,2,Q2 2018,16,Tuesday,17,0,0,0
2018-04-18,2018,4,April,2,Q2 2018,16,Wednesday,18,0,0,0
2018-04-19,2018,4,April,2,Q2 2018,16,Thursday,19,0,0,0
2018-04-20,2018,4,April,2,Q2 2018,16,Friday,20,0,0,0
2018-04-21,2018,4,April,2,Q2 2018,16,Saturday,21,1,0,0
2018-04-22,2018,4,April,2,Q2 2018,16,Sunday,22,1,0,0
2018-04-23,2018,4,April,2,Q2 2018,17,Monday,23,0,0,0
2018-04-24,2018,4,April,2,Q2 2018,17,Tuesday,24,0,0,0
2018-04-25,2018,4,April,2,Q2 2018,17,Wednesday,25,0,0,0
2018-04-26,2018,4,April,2,Q2 2018,17,Thursday,26,0,0,0
2018-04-27,2018,4,April,2,Q2 2018,17,Friday,27,0,0,0
2018-04-28,2018,4,April,2,Q2 2018,17,Saturday,28,1,0,0
2018-04-29,2018,4,April,2,Q2 2018,17,Sunday,29,1,0,0
2018-04-30,2018,4,April,2,Q2 2018,18,Monday,30,0,0,1
2018-05-01,2018,5,May,2,Q2 2018,18,Tuesday,1,0,1,0
2018-05-02,2018,5,May,2,Q2 2018,18,Wednesday,2,0,0,0
2018-05-03,2018,5,May,2,Q2 2018,18,Thursday,3,0,0,0
2018-05-04,2018,5,May,2,Q2 2018,18,Friday,4,0,0,0
2018-05-05,2018,5,May,2,Q2 2018,18,Saturday,5,1,0,0
2018-05-06,2018,5,May,2,Q2 2018,18,Sunday,6,1,0,0
2018-05-07,2018,5,May,2,Q2 2018,19,Monday,7,0,0,0
2018-05-08,2018,5,May,2,Q2 2018,19,Tuesday,8,0,0,0
2018-05-09,2018,5,May,2,Q2 2018,19,Wednesday,9,0,0,0
2018-05-10,2018,5,May,2,Q2 2018,19,Thursday,10,0,0,0
2018-05-11,2018,5,May,2,Q2 2018,19,Friday,11,0,0,0
2018-05-12,2018,5,May,2,Q2 2018,19,Saturday,12,1,0,0
2018-05-13,2018,5,May,2,Q2 2018,19,Sunday,13,1,0,0
2018-05-14,2018,5,May,2,Q2 2018,20,Monday,14,0,0,0
2018-05-15,2018,5,May,2,Q2 2018,20,Tuesday,15,0,0,0
2018-05-16,2018,5,May,2,Q2 2018,20,Wednesday,16,0,0,0
2018-05-17,2018,5,May,2,Q2 2018,20,Thursday,17,0,0,0
2018-05-18,2018,5,May,2,Q2 2018,20,Friday,18,0,0,0
2018-05-19,2018,5,May,2,Q2 2018,20,Saturday,19,1,0,0
2018-05-20,2018,5,May,2,Q2 2018,20,Sunday,20,1,0,0
2018-05-21,2018,5,May,2,Q2 2018,21,Monday,21,0,0,0
2018-05-22,2018,5,May,2,Q2 2018,21,Tuesday,22,0,0,0
2018-05-23,2018,5,May,2,Q2 2018,21,Wednesday,23,0,0,0
2018-05-24,2018,5,May,2,Q2 2018,21,Thursday,24,0,0,0
2018-05-25,2018,5,May,2,Q2 2018,21,Friday,25,0,0,0
2018-05-26,2018,5,May,2,Q2 2018,21,Saturday,26,1,0,0
2018-05-27,2018,5,May,2,Q2 2018,21,Sunday,27,1,0,0
2018-05-28,2018,5,May,2,Q2 2018,22,Monday,28,0,0,0
2018-05-29,2018,5,May,2,Q2 2018,22,Tuesday,29,0,0,0
2018-05-30,2018,5,May,2,Q2 2018,22,Wednesday,30,0,0,0
2018-05-31,2018,5,May,2,Q2 2018,22,Thursday,31,0,0,1
2018-06-01,2018,6,June,2,Q2 2018,22,Friday,1,0,1,0
2018-06-02,2018,6,June,2,Q2 2018,22,Saturday,2,1,0,0
2018-06-03,2018,6,June,2,Q2 2018,22,Sunday,3,1,0,0
2018-06-04,2018,6,June,2,Q2 2018,23,Monday,4,0,0,0
2018-06-05,2018,6,June,2,Q2 2018,23,Tuesday,5,0,0,0
2018-06-06,2018,6,June,2,Q2 2018,23,Wednesday,6,0,0,0
2018-06-07,2018,6,June,2,Q2 2018,23,Thursday,7,0,0,0
2018-06-08,2018,6,June,2,Q2 2018,23,Friday,8,0,0,0
2018-06-09,2018,6,June,2,Q2 2018,23,Saturday,9,1,0,0
2018-06-10,2018,6,June,2,Q2 2018,23,Sunday,10,1,0,0
2018-06-11,2018,6,June,2,Q2 2018,24,Monday,11,0,0,0
2018-06-12,2018,6,June,2,Q2 2018,24,Tuesday,12,0,0,0
2018-06-13,2018,6,June,2,Q2 2018,24,Wednesday,13,0,0,0
2018-06-14,2018,6,June,2,Q2 2018,24,Thursday,14,0,0,0
2018-06-15,2018,6,June,2,Q2 2018,24,Friday,15,0,0,0
2018-06-16,2018,6,June,2,Q2 2018,24,Saturday,16,1,0,0
2018-06-17,2018,6,June,2,Q2 2018,24,Sunday,17,1,0,0
2018-06-18,2018,6,June,2,Q2 2018,25,Monday,18,0,0,0
2018-06-19,2018,6,June,2,Q2 2018,25,Tuesday,19,0,0,0
2018-06-20,2018,6,June,2,Q2 2018,25,Wednesday,20,0,0,0
2018-06-21,2018,6,June,2,Q2 2018,25,Thursday,21,0,0,0
2018-06-22,2018,6,June,2,Q2 2018,25,Friday,22,0,0,0
2018-06-23,2018,6,June,2,Q2 2018,25,Saturday,23,1,0,0
2018-06-24,2018,6,June,2,Q2 2018,25,Sunday,24,1,0,0
2018-06-25,2018,6,June,2,Q2 2018,26,Monday,25,0,0,0
2018-06-26,2018,6,June,2,Q2 2018,26,Tuesday,26,0,0,0
2018-06-27,2018,6,June,2,Q2 2018,26,Wednesday,27,0,0,0
2018-06-28,2018,6,June,2,Q2 2018,26,Thursday,28,0,0,0
2018-06-29,2018,6,June,2,Q2 2018,26,Friday,29,0,0,0
2018-06-30,2018,6,June,2,Q2 2018,26,Saturday,30,1,0,1
2018-07-01,2018,7,July,3,Q3 2018,26,Sunday,1,1,1,0
2018-07-02,2018,7,July,3,Q3 2018,27,Monday,2,0,0,0
2018-07-03,2018,7,July,3,Q3 2018,27,Tuesday,3,0,0,0
2018-07-04,2018,7,July,3,Q3 2018,27,Wednesday,4,0,0,0
2018-07-05,2018,7,July,3,Q3 2018,27,Thursday,5,0,0,0
2018-07-06,2018,7,July,3,Q3 2018,27,Friday,6,0,0,0
2018-07-07,2018,7,July,3,Q3 2018,27,Saturday,7,1,0,0
2018-07-08,2018,7,July,3,Q3 2018,27,Sunday,8,1,0,0
2018-07-09,2018,7,July,3,Q3 2018,28,Monday,9,0,0,0
2018-07-10,2018,7,July,3,Q3 2018,28,Tuesday,10,0,0,0
2018-07-11,2018,7,July,3,Q3 2018,28,Wednesday,11,0,0,0
2018-07-12,2018,7,July,3,Q3 2018,28,Thursday,12,0,0,0
2018-07-13,2018,7,July,3,Q3 2018,28,Friday,13,0,0,0
2018-07-14,2018,7,July,3,Q3 2018,28,Saturday,14,1,0,0
2018-07-15,2018,7,July,3,Q3 2018,28,Sunday,15,1,0,0
2018-07-16,2018,7,July,3,Q3 2018,29,Monday,16,0,0,0
2018-07-17,2018,7,July,3,Q3 2018,29,Tuesday,17,0,0,0
2018-07-18,2018,7,July,3,Q3 2018,29,Wednesday,18,0,0,0
2018-07-19,2018,7,July,3,Q3 2018,29,Thursday,19,0,0,0
2018-07-20,2018,7,July,3,Q3 2018,29,Friday,20,0,0,0
2018-07-21,2018,7,July,3,Q3 2018,29,Saturday,21,1,0,0
2018-07-22,2018,7,July,3,Q3 2018,29,Sunday,22,1,0,0
2018-07-23,2018,7,July,3,Q3 2018,30,Monday,23,0,0,0
2018-07-24,2018,7,July,3,Q3 2018,30,Tuesday,24,0,0,0
2018-07-25,2018,7,July,3,Q3 2018,30,Wednesday,25,0,0,0
2018-07-26,2018,7,July,3,Q3 2018,30,Thursday,26,0,0,0
2018-07-27,2018,7,July,3,Q3 2018,30,Friday,27,0,0,0
2018-07-28,2018,7,July,3,Q3 2018,30,Saturday,28,1,0,0
2018-07-29,2018,7,July,3,Q3 2018,30,Sunday,29,1,0,0
2018-07-30,2018,7,July,3,Q3 2018,31,Monday,30,0,0,0
2018-07-31,2018,7,July,3,Q3 2018,31,Tuesday,31,0,0,1
2018-08-01,2018,8,August,3,Q3 2018,31,Wednesday,1,0,1,0
2018-08-02,2018,8,August,3,Q3 2018,31,Thursday,2,0,0,0
2018-08-03,2018,8,August,3,Q3 2018,31,Friday,3,0,0,0
2018-08-04,2018,8,August,3,Q3 2018,31,Saturday,4,1,0,0
2018-08-05,2018,8,August,3,Q3 2018,31,Sunday,5,1,0,0
2018-08-06,2018,8,August,3,Q3 2018,32,Monday,6,0,0,0
2018-08-07,2018,8,August,3,Q3 2018,32,Tuesday,7,0,0,0
2018-08-08,2018,8,August,3,Q3 2018,32,Wednesday,8,0,0,0
2018-08-09,2018,8,August,3,Q3 2018,32,Thursday,9,0,0,0
2018-08-10,2018,8,August,3,Q3 2018,32,Friday,10,0,0,0
2018-08-11,2018,8,August,3,Q3 2018,32,Saturday,11,1,0,0
2018-08-12,2018,8,August,3,Q3 2018,32,Sunday,12,1,0,0
2018-08-13,2018,8,August,3,Q3 2018,33,Monday,13,0,0,0
2018-08-14,2018,8,August,3,Q3 2018,33,Tuesday,14,0,0,0
2018-08-15,2018,8,August,3,Q3 2018,33,Wednesday,15,0,0,0
2018-08-16,2018,8,August,3,Q3 2018,33,Thursday,16,0,0,0
2018-08-17,2018,8,August,3,Q3 2018,33,Friday,17,0,0,0
2018-08-18,2018,8,August,3,Q3 2018,33,Saturday,18,1,0,0
2018-08-19,2018,8,August,3,Q3 2018,33,Sunday,19,1,0,0
2018-08-20,2018,8,August,3,Q3 2018,34,Monday,20,0,0,0
2018-08-21,2018,8,August,3,Q3 2018,34,Tuesday,21,0,0,0
2018-08-22,2018,8,August,3,Q3 2018,34,Wednesday,22,0,0,0
2018-08-23,2018,8,August,3,Q3 2018,34,Thursday,23,0,0,0
2018-08-24,2018,8,August,3,Q3 2018,34,Friday,24,0,0,0
2018-08-25,2018,8,August,3,Q3 2018,34,Saturday,25,1,0,0
2018-08-26,2018,8,August,3,Q3 2018,34,Sunday,26,1,0,0
2018-08-27,2018,8,August,3,Q3 2018,35,Monday,27,0,0,0
2018-08-28,2018,8,August,3,Q3 2018,35,Tuesday,28,0,0,0
2018-08-29,2018,8,August,3,Q3 2018,35,Wednesday,29,0,0,0
2018-08-30,2018,8,August,3,Q3 2018,35,Thursday,30,0,0,0
2018-08-31,2018,8,August,3,Q3 2018,35,Friday,31,0,0,1
2018-09-01,2018,9,September,3,Q3 2018,35,Saturday,1,1,1,0
2018-09-02,2018,9,September,3,Q3 2018,35,Sunday,2,1,0,0
2018-09-03,2018,9,September,3,Q3 2018,36,Monday,3,0,0,0
2018-09-04,2018,9,September,3,Q3 2018,36,Tuesday,4,0,0,0
2018-09-05,2018,9,September,3,Q3 2018,36,Wednesday,5,0,0,0
2018-09-06,2018,9,September,3,Q3 2018,36,Thursday,6,0,0,0
2018-09-07,2018,9,September,3,Q3 2018,36,Friday,7,0,0,0
2018-09-08,2018,9,September,3,Q3 2018,36,Saturday,8,1,0,0
2018-09-09,2018,9,September,3,Q3 2018,36,Sunday,9,1,0,0
2018-09-10,2018,9,September,3,Q3 2018,37,Monday,10,0,0,0
2018-09-11,2018,9,September,3,Q3 2018,37,Tuesday,11,0,0,0
2018-09-12,2018,9,September,3,Q3 2018,37,Wednesday,12,0,0,0
2018-09-13,2018,9,September,3,Q3 2018,37,Thursday,13,0,0,0
2018-09-14,2018,9,September,3,Q3 2018,37,Friday,14,0,0,0
2018-09-15,2018,9,September,3,Q3 2018,37,Saturday,15,1,0,0
2018-09-16,2018,9,September,3,Q3 2018,37,Sunday,16,1,0,0
2018-09-17,2018,9,September,3,Q3 2018,38,Monday,17,0,0,0
2018-09-18,2018,9,September,3,Q3 2018,38,Tuesday,18,0,0,0
2018-09-19,2018,9,September,3,Q3 2018,38,Wednesday,19,0,0,0
2018-09-20,2018,9,September,3,Q3 2018,38,Thursday,20,0,0,0
2018-09-21,2018,9,September,3,Q3 2018,38,Friday,21,0,0,0
2018-09-22,2018,9,September,3,Q3 2018,38,Saturday,22,1,0,0
2018-09-23,2018,9,September,3,Q3 2018,38,Sunday,23,1,0,0
2018-09-24,2018,9,September,3,Q3 2018,39,Monday,24,0,0,0
2018-09-25,2018,9,September,3,Q3 2018,39,Tuesday,25,0,0,0
2018-09-26,2018,9,September,3,Q3 2018,39,Wednesday,26,0,0,0
2018-09-27,2018,9,September,3,Q3 2018,39,Thursday,27,0,0,0
2018-09-28,2018,9,September,3,Q3 2018,39,Friday,28,0,0,0
2018-09-29,2018,9,September,3,Q3 2018,39,Saturday,29,1,0,0
2018-09-30,2018,9,September,3,Q3 2018,39,Sunday,30,1,0,1
2018-10-01,2018,10,October,4,Q4 2018,40,Monday,1,0,1,0
2018-10-02,2018,10,October,4,Q4 2018,40,Tuesday,2,0,0,0
2018-10-03,2018,10,October,4,Q4 2018,40,Wednesday,3,0,0,0
2018-10-04,2018,10,October,4,Q4 2018,40,Thursday,4,0,0,0
2018-10-05,2018,10,October,4,Q4 2018,40,Friday,5,0,0,0
2018-10-06,2018,10,October,4,Q4 2018,40,Saturday,6,1,0,0
2018-10-07,2018,10,October,4,Q4 2018,40,Sunday,7,1,0,0
2018-10-08,2018,10,October,4,Q4 2018,41,Monday,8,0,0,0
2018-10-09,2018,10,October,4,Q4 2018,41,Tuesday,9,0,0,0
2018-10-10,2018,10,October,4,Q4 2018,41,Wednesday,10,0,0,0
2018-10-11,2018,10,October,4,Q4 2018,41,Thursday,11,0,0,0
2018-10-12,2018,10,October,4,Q4 2018,41,Friday,12,0,0,0
2018-10-13,2018,10,October,4,Q4 2018,41,Saturday,13,1,0,0
2018-10-14,2018,10,October,4,Q4 2018,41,Sunday,14,1,0,0
2018-10-15,2018,10,October,4,Q4 2018,42,Monday,15,0,0,0
2018-10-16,2018,10,October,4,Q4 2018,42,Tuesday,16,0,0,0
2018-10-17,2018,10,October,4,Q4 2018,42,Wednesday,17,0,0,0
2018-10-18,2018,10,October,4,Q4 2018,42,Thursday,18,0,0,0
2018-10-19,2018,10,October,4,Q4 2018,42,Friday,19,0,0,0
2018-10-20,2018,10,October,4,Q4 2018,42,Saturday,20,1,0,0
2018-10-21,2018,10,October,4,Q4 2018,42,Sunday,21,1,0,0
2018-10-22,2018,10,October,4,Q4 2018,43,Monday,22,0,0,0
2018-10-23,2018,10,October,4,Q4 2018,43,Tuesday,23,0,0,0
2018-10-24,2018,10,October,4,Q4 2018,43,Wednesday,24,0,0,0
2018-10-25,2018,10,October,4,Q4 2018,43,Thursday,25,0,0,0
2018-10-26,2018,10,October,4,Q4 2018,43,Friday,26,0,0,0
2018-10-27,2018,10,October,4,Q4 2018,43,Saturday,27,1,0,0
2018-10-28,2018,10,October,4,Q4 2018,43,Sunday,28,1,0,0
2018-10-29,2018,10,October,4,Q4 2018,44,Monday,29,0,0,0
2018-10-30,2018,10,October,4,Q4 2018,44,Tuesday,30,0,0,0
2018-10-31,2018,10,October,4,Q4 2018,44,Wednesday,31,0,0,1
